layer1,layer2,layer3,layer4
50.552023986,46.46877307444811,61.31896289996803,167.16194114089012
42.471076270000005,32.59994350746274,34.36817149072885,236.76864153891802
38.063885010999996,23.721944250166416,33.787075486034155,338.6642574518919
37.049272683000005,19.03660325333476,27.378519915044308,343.1979043930769
37.20736854650001,20.05949804931879,21.714932471513748,296.87837205827236
37.80023422399999,21.43685834109783,24.079254265874624,269.73262383043766
36.99427279969999,24.108276963233948,26.280191661790013,240.08974720537663
35.054695148,29.633865084499117,24.081099547445774,283.8105231374502
36.400968580800004,24.624218363314867,23.342092322185636,369.1023955233395
35.403625825000006,21.899757977575064,26.845665879547596,456.0057558566332
33.968629028,26.848264791071415,35.19447044841945,439.0960658788681
34.18836486232001,27.750046530738473,33.66789213940501,428.2092883735895
34.62272328500001,25.35039340890944,40.76876787468791,392.5362202823162
34.72190815949999,24.529800458345562,43.05743764154613,355.2107852101326
36.69019073276999,21.125902693718672,31.965535199269652,350.2276784479618
38.32851602160002,21.545291047543287,15.01136913523078,457.20720279589295
36.503239284,22.495924677699804,19.398765705525875,542.6321617290378
36.37984828999999,22.57938512414694,18.012905310839415,527.626538567245
38.07239079840002,19.25190698727965,19.509637344628572,533.5713285058737
37.347880828,21.796131663024426,21.83384808152914,476.84456673264503
34.6247934905,25.02575208991766,25.490227920934558,410.546567581594
33.594860202999996,24.063183709979057,26.221304390579462,388.5912206172943
34.72064299,19.856559593230486,21.587338980287313,545.3108108788729
36.546684156000005,19.453354090452194,18.706043731421232,630.9666048958898
35.69464758899999,20.67415033839643,19.98648862168193,668.8088510110974
36.999014814999995,21.187390975654125,25.377262169495225,660.7029834091663
37.18637639000001,25.484120093286037,27.680025845766068,600.0254896432161
35.16532367639999,34.60871385037899,27.90754221007228,481.9476498067379
34.94493809000001,27.64513875171542,35.87253350391984,389.18238654732704
35.033060133999996,24.285906486213207,20.529097613878548,575.1063352897763
34.25392391100002,16.118879728019238,24.96344367414713,652.1724177598953
34.08875505899999,16.854785982519388,25.567287584766746,711.7328202277422
35.79782896,19.746005568653345,33.64728130213916,635.3886288329959
36.24667034699999,18.52785325050354,38.056472359225154,537.191569969058
35.15192737999999,19.951226606965065,41.50720610842109,425.4027965590358
35.42583119300001,22.59292184188962,44.37299474515021,301.45044538378716
35.69722679600001,15.839451130479574,39.57838114909828,500.2677267193794
35.07019498550001,15.839278588071465,39.22852020338178,525.2365542203188
37.158141231,20.36132938042283,36.10295202769339,619.9158550649881
36.56629024700002,15.422322876751423,34.204982886090875,542.4297681599855
37.548866141999994,11.114848867058754,36.58135696570389,420.98309226334095
36.2811507345,15.334402941167355,38.12741092033684,299.3462616428733
36.75309494000002,13.89044645614922,27.272548269480467,239.21736705303192
37.868862400000005,12.559714652597904,22.22292460873723,371.2934396713972
37.198448817000006,15.504463706165552,29.475040876306593,372.29710594564676
35.63242774,17.401139356195927,31.337494175881147,401.6779981330037
36.69147861999999,19.154487235471606,33.380776822566986,316.3981834426522
37.23491706700001,20.807787388563156,28.127521339803934,218.07662162184715
36.300313480999996,18.065052228048444,28.01814430952072,159.73421815037727
36.92864383,16.34073819965124,30.16847340017557,
36.84382252600001,13.747412210330367,29.858417756855484,
35.776355374999994,16.65959905087948,41.581585919484496,
35.57112031000001,14.253870157524943,46.90254901908338,
35.952652175999994,15.533247135579586,38.398397487122566,
45.16139232000002,22.52616859227419,40.018010690808296,
49.306044742000005,30.545833192765713,28.52841450460255,
42.27915609999999,16.116289719939232,29.218908965587616,
34.392738573999985,18.560982160270214,32.170680846087635,
32.89575134599999,17.27021449431777,32.39611498825252,
30.535051289000005,24.136800631880757,25.3623011354357,
31.365022562600004,21.846966919489205,20.799851171672344,
31.495362341000003,17.157201822847128,20.10739777237177,
33.03364791100001,13.927173472940922,21.091414936818182,
29.545605795000004,11.040956746786833,23.07662112917751,
30.247581571,10.506016932427883,22.62370742764324,
32.34623830299999,10.45638370141387,22.98248931672424,
31.648104333000003,11.965542748570442,26.31373691931367,
31.929423466000003,18.012742646038532,30.75411069765687,
29.998471012999996,19.24722307547927,35.00202398374677,
27.574638640999996,23.181618228554726,31.294801864773035,
32.518789244,24.08394692093134,29.639710841700435,
35.786550500999994,19.95941941253841,34.513314977288246,
31.669467179999994,13.093899592757225,33.45436898432672,
31.005917511999996,13.914391592144966,28.89098201692104,
30.764386854999994,17.608057990670204,26.616361064836383,
28.535886120800004,21.084625251591206,24.70674121007323,
31.545982707389996,20.711962005123496,31.007003428414464,
33.457389252,21.339431300759315,34.70156183466315,
29.976749143499998,20.556734666228294,31.54938066098839,
31.210422903400012,25.211285214871168,28.452500116080046,
31.634493747000004,20.127494789659977,29.625232510268688,
32.464225131499994,17.816529966890812,20.83835862390697,
32.730914732,17.596312943845987,29.994877707213163,
31.546642131800002,27.941334784030914,35.186161728575826,
29.784189903999998,18.476599164307117,29.744379427284002,
29.7822801795,16.99671557918191,32.772194193676114,
31.197675748000012,22.222297176718712,32.66391695663333,
31.774493809,19.34859780408442,28.438002966344357,
32.541141773999996,14.88398551568389,25.066522417590022,
30.244439597999992,10.277991577982903,24.28681922517717,
29.361132553000004,9.445236317813396,31.240668039768934,
29.359790453499993,13.84223835915327,42.087690802291036,
30.705920183999996,18.287727750837803,41.87054670974612,
30.12186910199999,22.902148090302944,40.93300270661712,
29.827781448499998,28.71328565850854,43.461320634931326,
31.240495903000003,22.814939737319946,25.097354270517826,
31.174925577000003,23.290037225931883,22.070749141275883,
30.126649936,26.686119593679905,30.66038530319929,
30.047764855500002,28.485060200095177,33.764778044074774,
32.2876123454,25.58021330088377,28.704846816137433,
29.369395040000004,24.001721896231174,32.45186371169984,
28.749338226,20.1174551025033,38.65011870581657,
30.013476086999994,14.38273474574089,32.84547615982592,
31.305932813999995,16.59239400923252,30.275949902832508,
31.199878614999996,16.824838992208242,31.4745228625834,
31.771364109000004,18.751018363051116,46.73298605903983,
31.977364924000003,21.715307215228677,48.443853098899126,
29.999454724000003,20.567155491560694,36.44554138742387,
29.73607172499999,24.48404833674431,39.07985804975033,
30.779516027000003,19.39088524132967,29.911512307822704,
39.69054383400001,23.577874206006527,22.288247587159276,
39.261546838000015,35.59724619612098,27.858830474317074,
38.55663749899999,21.899737970903516,29.773587998002768,
32.540601579500006,24.409858271479607,16.925382647663355,
29.492364565999996,21.056427836418152,37.85836346261203,
27.487077788000004,13.887300327420235,40.97557065449655,
28.239790906000003,10.878012150526047,36.83101488649845,
30.323156761,16.80202828347683,35.693004202097654,
29.989121929000007,19.722155187278986,35.467765690758824,
27.533078486999997,28.01051866263151,32.67794166272506,
26.669403866699998,27.723256688565016,41.2077853474766,
29.346380588000002,26.288829401135445,34.77591494191438,
30.072205553,23.573334489017725,37.85067720711231,
31.749377670000005,20.62210827320814,32.69493638724089,
30.054201883999998,23.41366993635893,23.45710597001016,
25.652421425300002,30.569006755948067,24.65823552198708,
28.914029333000002,29.465632278472185,28.526045355945826,
30.330754224,27.45660451799631,17.22446490265429,
28.244462748000007,30.39005310833454,39.94192374870181,
28.902161915999997,30.893252819776535,34.882404416799545,
28.193544891,23.6204176209867,38.11949943751097,
23.381734844000004,16.967359945178032,29.14691668190062,
28.95933562199999,13.788961462676525,43.33065332658589,
31.5532638756,14.526727918535471,35.741634213365614,
32.031541613,20.981546115130186,36.41767043247819,
30.532822867999993,25.825638864189386,41.79020315408707,
30.071465702999998,27.84368170425296,37.823759788647294,
31.076570636000007,19.15222179144621,28.543376248329878,
32.25523486000001,31.86928127333522,23.505540866404772,
30.359916359,30.29904991388321,23.150513887405396,
31.767721223000006,25.48824491724372,24.577514078468084,
30.46114096000001,27.281684175133705,20.73430695384741,
30.738744941000004,16.357446178793907,47.00849582627416,
30.466418856599994,14.472049295902252,36.49258002266288,
30.083176709999996,24.212047144770622,27.027053267695006,
28.37558031000001,25.860779400914907,22.65908197686076,
28.348447325,27.752985816448927,27.16203230060637,
29.293441449999996,23.095372842624784,38.719891373068094,
30.751541665999998,21.766372442245483,43.42801556736231,
29.890866554000006,24.364115599542856,38.67659445852041,
29.488483730000002,23.703282475471497,30.095869880868122,
31.269658305999997,24.660861615091562,26.959802504628897,
29.87329626099999,25.892579421401024,23.260757902637124,
29.160977932000012,29.044982846826315,28.077358786016703,
30.238959649999998,26.28879141435027,27.22036688774824,
29.64697368767,25.602156188338995,34.80682919174433,
27.613710053999995,26.68606323003769,55.81769163534045,
26.608467586999996,31.613535806536674,39.61499550938606,
28.912016447000003,36.38468740880489,22.776230780407786,
30.820364350000002,33.09151530265808,22.787095284089446,
29.501312829999993,28.106681987643242,19.817425474524494,
29.50813657700001,18.609034478664398,24.997706346213818,
29.736133925999997,17.76225795596838,37.76540045812726,
30.606396459999996,20.477398118004203,34.35834155417979,
29.269180790000007,21.697738437913358,30.03141583316028,
29.44209757100001,30.525824669748545,22.50139570981264,
39.0610488953,30.000801695743576,30.03087092190981,
37.05046428700001,26.217116937041283,29.3929063975811,
36.622226293000004,30.772725742310286,31.577494714409113,
32.5292378473,19.161304842680693,43.63240214809775,
28.242206821000003,14.519064761698246,51.134963070973754,
26.695182055,22.02793324738741,28.875238712877035,
27.139831387199997,32.90850358083844,26.005075626075268,
28.910868922000002,25.01211840286851,25.413893286138773,
27.874055099999996,22.783954803831875,21.707479161210358,
27.49419739999999,22.159479530528188,19.326627377420664,
27.96492614600001,25.486256524920464,25.218715460970998,
28.327673083999997,24.909039698541164,26.149715960025787,
27.877273940000002,30.26417052000761,23.867553405463696,
28.261308806,24.33973630424589,25.460823314264417,
28.984817816999996,26.472826071083546,41.52340009715408,
28.01154726379999,28.62812739983201,38.16976147517562,
28.734741561000003,24.9696830175817,37.17407017946243,
29.3345318713,20.21600459329784,26.564974948763847,
28.428439345,23.527200922369957,27.62264691106975,
29.730982345,23.41616458259523,23.12364927865565,
28.007525661200003,23.81805501319468,27.72744701243937,
27.378602646000004,32.676348846405745,29.549802362918854,
29.828760570999997,37.625113025307655,26.375168352387846,
33.062392923,35.33843819051981,23.310713550075885,
31.669434789000004,29.364409144967794,26.405241701751947,
29.996659715,27.849612038582563,26.41094170883298,
28.771106986000003,33.95481105521321,30.581549026072025,
28.627693479999998,32.64029832184315,31.1608207821846,
31.525927515000006,23.727828584611416,37.7432526149787,
28.3802337725,33.13151938840747,41.77232584357262,
31.258848441850002,32.027279627509415,,
29.3729932133,16.37260562926531,,
32.8520136,20.619607880711555,,
32.0460252264,35.162755005061626,,
30.19018440199999,27.89025316759944,,
29.61099233199999,22.178467337042093,,
31.000549686000003,21.462254997342825,,
29.775505153999998,20.849525013938546,,
28.915669246999997,22.637301545590162,,
27.778368847608892,19.746481750160456,,
29.555931979,27.203981552273035,,
30.435364913000008,23.862662248313427,,
26.8438431568,21.95585446897894,,
27.824940966999996,26.53302850201726,,
29.363626269,30.44650501012802,,
27.234003365000003,23.168326161801815,,
26.684838389000003,21.51415203139186,,
26.091327000999993,24.39017254859209,,
28.306506647999996,24.61054001376033,,
31.1299397236,25.219921378418803,,
29.009758885000004,22.373642414808273,,
27.679623546,22.738889284431934,,
28.521255951999994,22.255814917385578,,
29.713916059000002,22.286782018840313,,
28.639322607999997,29.562172956764698,,
27.93994335000001,21.25319917500019,,
36.669494925,23.641485925763845,,
35.976184314,29.872368201613426,,
36.852286084999996,23.897993996739384,,
32.793510354,16.207747347652912,,
29.339390392999995,27.32543735206127,,
27.336846980999997,25.777526039630175,,
26.993362689999998,20.18301060050726,,
28.376781764999993,14.392684072256088,,
29.814391186,13.068304508924484,,
28.790151169,15.166660495102406,,
27.261121976000005,21.166744269430637,,
28.434306569999997,17.01157119870186,,
28.353674647099997,19.30091590806842,,
28.77717531499999,20.410139307379723,,
28.617386133960004,25.231342144310474,,
27.536579711999998,22.90779910981655,,
27.939224742000004,26.30885200202465,,
28.387069420999996,24.24694025143981,,
30.721394294300016,24.847765780985355,,
31.656060164000007,21.917094089090824,,
29.326491511,19.933935418725014,,
28.442430777,15.462269373238087,,
30.84234636,20.50364777073264,,
30.833138960000003,20.997311729937792,,
29.895569608000002,25.015533804893494,,
31.840593422000005,21.573461461812258,,
31.098159601000003,18.504073832184076,,
30.51422868300001,18.246080622076988,,
31.360063198999992,21.188800867646933,,
34.05797221,24.5818123370409,,
32.85538920100001,25.747329108417034,,
34.89004357350001,17.80958614498377,,
36.437485937000005,28.491869393736124,,
33.719702938,27.01240088790655,,
30.297127092000004,20.470972456037998,,
30.811023500999998,21.033142939209938,,
32.836616681100004,24.98515510559082,,
30.412568866999997,22.214302707463503,,
28.079190316400002,26.734300687909126,,
26.935855727499998,25.464285124093294,,
29.277829043999997,23.748595021665096,,
28.357799525999997,29.92743595317006,,
27.813597907199988,25.520180344581604,,
27.272471027,23.74744079168886,,
28.351325966000005,23.46503683179617,,
27.95449561,21.44632028788328,,
27.590516444000002,21.549040991812944,,
28.986864692000005,28.477750677615404,,
26.051763563,28.655443988740444,,
29.694280562000003,21.887478560209274,,
33.158853251000004,19.293630301952362,,
30.154220219999996,18.411012582480907,,
30.092822401999996,20.280322209000587,,
29.112353004,22.56442704051733,,
29.647790747000002,20.629316110163927,,
30.031995592999998,16.53871065750718,,
36.39043988299999,19.198934864252806,,
34.206480729999996,23.127822533249855,,
36.104988420000005,27.650873228907585,,
30.939328398999997,21.06105588749051,,
29.32180634600001,24.79689732193947,,
27.392280864999996,23.551698273047805,,
28.70181007177,25.425203315913677,,
30.001840084999994,25.708791591227055,,
30.191153808,25.191919680684805,,
29.756054190000008,23.3904035910964,,
27.771840079000008,25.9784127548337,,
28.469618799,29.82969082891941,,
29.368173695999992,24.600195918232203,,
28.928987791799997,23.081026323139668,,
28.247575381500006,23.518221087753773,,
26.817085719,24.33344340324402,,
29.277090575000017,24.786282874643803,,
31.961457128,22.364265896379948,,
30.718722641299998,20.77868816629052,,
28.8824248768,24.198037419468164,,
30.211803434499995,23.47321367263794,,
27.872417473999995,27.664303140714765,,
31.714561685000007,28.859900657087564,,
32.030697984999996,22.313506729900837,,
32.82690825700001,17.220848731696606,,
32.4501494893,13.680919162929058,,
34.484479074999996,16.641216576099396,,
37.11882221000001,18.113923818804324,,
34.82809904200001,20.766059640794992,,
32.640452234,26.03009752649814,,
30.949875172999995,28.278289157897234,,
34.986745633999995,19.690504271537066,,
36.29762472899999,28.778076257556677,,
37.49170465899999,30.091133948415518,,
31.724100014000005,20.30772370658815,,
33.471350146000006,20.79774785041809,,
32.5113983125,19.89782427996397,,
30.502238094905994,22.916425365954638,,
30.858658868000006,23.61939838156104,,
28.883172353300008,25.80165185034275,,
29.263169470999994,25.40204894542694,,
30.45844913099999,26.475155171006918,,
32.865078995,24.644129544496536,,
29.859716192999997,24.589481320232153,,
27.23736986200001,18.771217852830887,,
27.765993755000004,18.115346267819405,,
30.788003557000007,22.748095951974392,,
30.140574854799993,25.02616784721613,,
27.707913048,24.978526450693607,,
28.695242767000014,26.32177434116602,,
31.951778032,27.319023564457893,,
30.074373877999985,28.22582188807428,,
29.58451762400001,22.1083409152925,,
28.915150557999993,16.274263575673103,,
28.994622552000003,14.63146287202835,,
28.155764855300003,20.937094945460558,,
37.66702891599999,22.340134169906378,,
36.32353064400001,27.581611070781946,,
37.35520748100001,26.88361720368266,,
31.743996876599997,20.430248897522688,,
29.019496370000006,30.523114185780287,,
28.290404679999998,31.035952020436525,,
29.051787072,23.276572935283184,,
28.81458086599999,18.098657354712486,,
27.63967973699999,19.116702787578106,,
26.719252665999996,22.50512103177607,,
28.837837525999994,20.331922594457865,,
31.19660624900001,19.227562461048365,,
31.266142135,21.76464094221592,,
29.98026131049999,20.72985579445958,,
30.266508041999995,22.337301187217236,,
26.922194780599998,24.012142777442932,,
27.1051788898,22.653209697455168,,
29.316843823,20.637966815382242,,
32.334850356000004,18.76438027061522,,
34.25596683299999,21.53720216266811,,
35.16300101099999,24.270756417885423,,
28.686294359,23.5111817792058,,
31.397654975,28.2191172093153,,
35.589451285399996,24.809897355735302,,
37.45010286199998,24.916615303605795,,
31.918929261999995,17.171705402433872,,
32.354903498999995,12.62359058111906,,
32.82230736200001,18.491394571959972,,
32.97920422,27.769186760298908,,
32.87021028,29.98701937869191,,
32.670809076,27.542121222242713,,
28.877772978499998,24.196353683248162,,
32.7367724332,27.725366737693548,,
34.696011098,27.65539039298892,,
32.969043586999994,22.262831445783377,,
32.254287656,18.60238340124488,,
31.49843459,18.8640025742352,,
34.009812667,16.7007646150887,,
33.439005781000006,15.361039277166128,,
31.904258198999994,18.545389503240585,,
27.562122606000003,12.683289118111134,,
32.304611211,14.512839242815971,,
33.067001085,21.756673522293568,,
29.911519880000004,22.683608382940292,,
27.843601605999996,21.303860381245613,,
30.924676918999996,21.303636882454157,,
29.428313971999994,19.221101835370064,,
30.783877229999995,22.75946080312133,,
27.231592715099996,25.920416228473186,,
27.073714996000003,21.170104399323463,,
26.916101082999997,22.438224408775568,,
30.0690107998,24.467935148626566,,
29.108637481,29.369143646210432,,
29.952845374,19.53687408939004,,
32.25945645500001,11.357171431183815,,
27.089984185,18.27095465362072,,
40.25403507,24.664125181734562,,
37.078396729999994,26.329774531535804,,
39.87272203999999,34.294284857809544,,
32.564074220399995,23.829537343233824,,
28.515527016399993,26.722649231553078,,
30.11221759,26.322940856218338,,
27.308226827,21.96752493828535,,
29.089494172,16.544570617377758,,
29.664655236,22.394798576831818,,
28.832856311999997,22.181174121797085,,
29.473552915000003,25.63670737296343,,
30.899313564999996,24.009461909532547,,
31.421434434,19.743347194045782,,
29.685886831999994,18.111391879618168,,
28.597909537000003,17.16797322779894,,
28.742162958999995,25.777247799560428,,
28.996195426000007,31.3032597117126,,
30.186683135000003,32.107935681939125,,
30.365862223999994,21.312454015016556,,
33.73247707999999,21.66349621862173,,
30.879282033000003,21.502648189663887,,
33.044241598,19.104595756158233,,
34.1310871592,19.206332705914974,,
31.645928591999994,28.23816451150924,,
32.108497709,29.114084165543318,,
31.456426653,18.30266810953617,,
26.936901135899998,14.330615051090717,,
33.2891989239,16.674313105642796,,
31.691696495999988,21.76717784255743,,
31.238025724000003,26.280156582593918,,
29.403545593,30.890776734799147,,
29.041714346720003,25.73084056004882,,
34.166426226000006,23.77138539403677,,
32.887155971,24.236509807407856,,
32.919949324499996,22.321381121873856,,
30.374800253000007,23.614928103983402,,
34.645316923,25.62251242250204,,
32.3411427136,20.322470976039767,,
30.502857603000002,19.602412581443787,,
31.691407053799992,22.454954501241446,,
31.98439597653,23.60273828357458,,
32.38158516099999,28.812603060156107,,
32.789843536,21.67027171328664,,
29.474990533000003,22.414304614067078,,
28.758833914999997,24.657312907278538,,
30.082316492999997,33.926262244582176,,
30.347661742,36.9328342191875,,
30.904691093,31.72689324617386,,
27.928730610529996,27.955748297274113,,
26.520987902999998,14.742225207388401,,
26.98940173700001,26.990669816732407,,
28.59415293,25.862989915534854,,
27.801831089999997,27.429413501173258,,
29.5533169266,16.74445492774248,,
32.255620420599996,16.412172697484493,,
30.9079067014,15.55369134992361,,
38.548191868,23.48177339695394,,
37.05461756000001,27.84623086452484,,
36.408856228,27.876253709197044,,
33.960413407999994,24.56044254824519,,
29.32528893876,20.812783401459455,,
30.062167314000007,21.822689779102802,,
27.17242059699999,21.65908980742097,,
29.133939639999998,34.96355112269521,,
30.659924057000005,19.968832213431593,,
29.760103334999997,18.190125808119774,,
28.641598955000003,15.7355792298913,,
27.15580878,18.315412109717727,,
31.300549526999998,28.845211192965508,,
32.105289582,34.565242778509855,,
33.814553156,27.761240761727095,,
34.05091041800001,24.176181986927986,,
32.656345752,19.682005800306797,,
32.256006542600005,16.685662128031254,,
31.953071496999996,30.26243606209755,,
35.07390604769999,26.89302423596382,,
31.158787410000006,22.605140417814255,,
29.936337858999998,19.71651860512793,,
31.314031372999995,22.438412874937057,,
33.67927047199999,26.014232128858566,,
34.547524900000006,24.577272882685065,,
29.240479093000005,19.334282163530588,,
29.83084897,16.261710789054632,,
31.3808610977,13.415549699217081,,
33.628899085,25.364356961101294,,
29.378978653000004,33.553543001413345,,
32.828548263,27.216229658573866,,
31.752899358999993,24.682013474404812,,
30.961041790000007,18.0187618881464,,
35.670023087000004,16.92813976854086,,
35.705675704,15.48476443067193,,
29.921967789999997,32.945023357868195,,
33.610590886000004,21.230351205915213,,
34.399789661,27.678202889859676,,
33.053409069000004,36.09698435664177,,
32.85734057100001,21.638411235064268,,
32.30180041399999,25.27545698173344,,
33.888180422599994,31.436641082167625,,
32.153382500000006,28.330912477336824,,
30.743575061369995,29.322895001620054,,
30.51044160899999,22.708481803536415,,
29.317305976100005,18.18215762451291,,
29.591571584999997,16.468132972717285,,
30.787060845,19.76095798611641,,
29.956719082000003,21.23178776865825,,
29.149265764999992,26.235670492053032,,
30.478509765699997,26.917432859539986,,
33.98190098,20.142745181918144,,
31.793003369999994,27.183423831127584,,
30.445187445999995,20.610861904919147,,
27.395583291000005,14.230984278023243,,
32.526545060299995,15.208076510578394,,
46.606324223,25.557876709848642,,
37.309330200999995,26.463511545211077,,
36.124395390599986,27.80203890427947,,
31.899883635,25.77062364667654,,
29.298424152999996,20.8358554802835,,
28.052651389999994,21.32659262046218,,
28.396988434599987,16.35327150300145,,
32.8798245235,30.24219911918044,,
30.87267718999999,20.563969254493713,,
28.443136802500007,26.251589611172676,,
27.072087944000003,34.90057744830847,,
32.148412374,27.084882382303476,,
31.311707628999997,20.852394595742226,,
31.96927627400001,23.65198550745845,,
36.413584742000005,32.518512822687626,,
32.173762512,25.931847352534533,,
35.19318704800001,23.74424061924219,,
33.8762673735,25.401763640344143,,
31.504235064,25.028163865208626,,
33.0176453093,26.125979002565145,,
28.30438698,29.123428381979465,,
31.18660737,26.64771032705903,,
28.908630362999997,20.41168875992298,,
39.670005554,25.774338252842426,,
34.318282955,22.43075219169259,,
28.085712573000002,21.0406846255064,,
34.38519200599999,12.437859907746315,,
32.217628993000005,16.140038788318634,,
29.665584765000002,23.00925499200821,,
31.473290011000003,21.598518397659063,,
38.057986492000005,23.32209224998951,,
36.53923448079999,28.278030339628458,,
31.4588936076,21.27416306361556,,
30.685712831,16.908276088535786,,
29.111136832,15.036222137510777,,
27.598448596439997,25.643221147358418,,
35.444094438,22.889644354581833,,
33.5102524661,19.827819548547268,,
32.676208765000005,18.543644830584526,,
31.646140810000016,24.98796022683382,,
32.623178069999994,22.387621842324734,,
28.843643281,20.42373563349247,,
34.001183761499995,29.21107218414545,,
34.68601719400001,24.605413787066936,,
32.5365320625,25.45969584956765,,
32.776012525000006,20.483784291893244,,
29.267035011600008,22.13978112116456,,
31.147785046999992,17.816626941785216,,
29.393532652000008,22.57583324238658,,
29.074315786000003,23.491164965555072,,
31.629994473000014,23.722264856100082,,
34.88355716100001,26.365406811237335,,
36.153033648,21.7994362488389,,
29.299759499000004,23.342629954218864,,
29.51473643899999,12.808442782610655,,
32.953265980000005,17.75399323552847,,
47.341089329,23.08357561379671,,
36.52227377399999,23.680801711976528,,
37.216065570000005,28.18359149247408,,
33.33074755999999,20.965984672307968,,
30.866779248000004,18.62641029059887,,
30.609082913000005,20.397568993270397,,
29.968776519000006,19.386951610445976,,
31.293450659999994,25.740932878106833,,
29.33536187200001,20.680019699037075,,
31.924318418499986,19.078047312796116,,
31.572595293999992,13.829127363860607,,
29.22954988399999,23.87950213998556,,
32.907377759,16.673181265592575,,
34.07431991299999,22.95344279706478,,
33.134729264,24.76005770266056,,
25.575210408800004,27.73906994238496,,
30.011106935999997,27.209571953862906,,
35.999334729999994,24.012305723503232,,
34.573181901,22.978943910449743,,
33.551462907,20.41084871068597,,
28.43002981,26.477970452047884,,
32.03355308500001,24.524264845997095,,
30.80497963000001,27.209388544782996,,
30.448178965,23.70414251834154,,
28.981707876,23.10715087875724,,
36.51593084499999,20.844896905124187,,
36.6685619404,11.964798554778099,,
30.2002221234,19.23019279818982,,
31.07434291700001,19.66362608410418,,
27.666617120999994,23.6303300159052,,
35.38696481,34.39239024370909,,
36.18824032999999,18.715456154197454,,
31.983366888,18.974589101970196,,
32.037622703500006,24.297178734093904,,
32.890451173,25.423926651477814,,
30.360421712399997,26.97713854163885,,
33.218209693000006,19.079035472124815,,
33.444212913,20.275603085756302,,
28.725298449999997,12.9780133664608,,
33.637550549,21.066885435022414,,
36.3348137,23.893149372190237,,
29.931196991000007,22.06332677602768,,
34.59606010699999,22.805560894310474,,
33.917691936000004,23.406399309635162,,
33.38922539600001,27.00313801318407,,
33.68096175000001,28.177089952863753,,
30.21273979900001,28.099068509880453,,
32.852421432999996,20.93968816101551,,
32.57955244000001,23.01344558224082,,
31.188387057500005,23.829171657562252,,
31.534854514,25.390394780784845,,
34.10994313639999,23.861156344413757,,
34.63966769599999,21.373615741729736,,
31.130989785000004,17.237449526786804,,
30.866010185000004,18.95749931037426,,
35.431860477,21.709068201482296,,
41.4232425,18.554991893470287,,
37.073814660000004,23.114310383796692,,
36.06027196,30.065971840173006,,
35.387356955,16.359903499484062,,
30.972803911,15.198966778814793,,
33.120056685,23.121563017368317,,
29.66012532,25.55907905101776,,
28.956410174000005,23.53446963056922,,
33.782565505,24.340151984244585,,
32.46146997600001,27.696461871266365,,
33.59022541,18.380482986569405,,
30.046973327999993,14.383077576756477,,
33.353887561,23.698256887495518,,
34.409137525999995,19.9705643649213,,
31.404217350000003,17.890459567308426,,
33.444648506,20.414632759988308,,
29.241967404999993,21.898995332419872,,
26.933577073000002,24.083367582410574,,
33.19428351399999,26.82479497976601,,
34.269853648,23.23741928488016,,
27.910435124500005,24.004061046987772,,
33.81721896500001,27.88547908887267,,
33.271405645,26.17535885050893,,
26.009484947500003,24.199255920946598,,
34.2857494431,19.738830618560314,,
28.69932222,18.015469573438168,,
35.99209264500001,22.359970789402723,,
33.09448638499999,19.48660209029913,,
30.414128146999992,23.371762573719025,,
33.485036263000005,23.40298941731453,,
31.400761997300002,26.2143727093935,,
31.210537045500004,17.36617384850979,,
33.19009418200001,13.39627130329609,,
28.93119915799999,22.954371318221092,,
33.269012872,23.265591870993376,,
36.343821326,18.01008750498295,,
31.487399183600004,22.158019687980413,,
32.709115860999994,25.98562579974532,,
32.455595249,18.80479808151722,,
32.995852781999986,13.924267157912254,,
36.73504842900001,23.024633824825287,,
34.481945429999996,17.867637488991022,,
32.24792922300001,23.604318264871836,,
35.27942686299998,17.642066463828087,,
34.14362528999999,20.02371536195278,,
30.930126008169996,22.656806748360395,,
34.23519166,25.116805270314217,,
34.275736681000005,25.083240188658237,,
31.852644694000006,24.208248265087605,,
32.277625824999994,21.560747791081667,,
32.0927433,24.606967575848103,,
32.305050855999994,23.78411040455103,,
31.793047571,19.162376891821623,,
28.319281649000004,23.835456773638725,,
33.380519900699994,20.814941227436066,,
32.424558819,18.354299057275057,,
37.291922844,22.756821524351835,,
37.362297860000005,27.326801028102636,,
36.90923327400001,19.41719551384449,,
31.700587753999997,17.39196989685297,,
29.3838057811,19.185304678976536,,
28.880891702699994,32.241258988156915,,
26.579445883999995,24.26943038031459,,
33.860168599999994,20.981515008956194,,
33.538827823,22.311281971633434,,
32.201459643,23.80768097192049,,
34.22021438,14.70917602069676,,
33.14309635600001,19.595650114119053,,
28.353668446999997,20.92641132697463,,
33.097346034999994,19.264174416661263,,
31.906038685999995,14.924330461770296,,
30.523197041000003,14.931294430047274,,
27.13250649057,17.21999990567565,,
32.477966583000004,15.364187218248844,,
30.544115572000006,15.671450635418296,,
28.728986117299996,20.918135706335306,,
32.71663334830001,19.273934543132782,,
38.048285194,20.814795997925103,,
31.662579612999988,21.058463867753744,,
30.0238349101,19.98552029207349,,
31.87812674,19.08759967982769,,
30.333332057000007,23.962471392005682,,
31.053118270000006,18.333938024938107,,
31.63522120999999,16.343691308051348,,
33.595800737000005,25.326334670186043,,
36.85755235799999,39.718124993145466,,
33.119722888,25.74537419527769,,
34.81775738,22.040000438690186,,
33.62404921899999,33.195745915174484,,
36.1509277851,42.352641604840755,,
32.396953571,32.849685810506344,,
31.8364715585,26.26316051930189,,
31.000490404569994,23.46620198711753,,
29.756123626299996,17.927670219913125,,
34.15273461,21.988817244768143,,
31.970700158000003,20.345748223364353,,
32.674879671300005,15.978866413235664,,
30.11839776350001,15.651769385673106,,
27.336695777999992,16.75165757164359,,
36.5941552,18.70094170793891,,
36.18926776400001,19.468746408820152,,
31.561218827,22.27941095083952,,
34.904753826,23.156547658145428,,
31.321047876999998,23.3776438459754,,
30.620522867,19.049435175955296,,
37.490542555999994,20.420261550694704,,
39.8531901827,20.55690547451377,,
32.43658624,22.985371623188257,,
31.388871542,19.04929430782795,,
37.038118298,20.149314254522324,,
32.939600907999996,14.966720130294561,,
29.81356789800001,18.92509281076491,,
40.329755808999984,33.52510695159435,,
37.65567712500001,45.53459542989731,,
36.349438766,36.58476705476642,,
33.140752332,24.746838983148336,,
30.64329724714999,34.34947498142719,,
28.427286871400007,39.54948361963034,,
31.5105037407,27.117340922355652,,
29.04091554,21.627476956695318,,
29.816657793000005,20.86753974109888,,
33.311195465999994,29.941871862858534,,
32.370492166000005,30.73936522193253,,
31.798735254000004,25.997273728251457,,
33.230212205,26.469241935759783,,
28.37840069580001,24.10919249802828,,
32.47382137,26.854447359219193,,
31.026308607,25.164915496483445,,
33.062508731799994,22.841747529804707,,
34.519689553,21.600435830652714,,
26.668284634000003,23.099720556288958,,
29.282547581000003,22.83184701949358,,
28.646556891999996,21.856657333672047,,
34.78330543599999,21.69142187386751,,
35.23871897200001,21.15480300039053,,
31.28599454,22.735589560121298,,
36.02299372399999,19.883369516581297,,
35.2422574715,21.151122387498617,,
32.919211606000005,22.921550504863262,,
33.139984647000006,24.86365931481123,,
40.44466088700001,33.571960140019655,,
43.228014501400004,49.213673643767834,,
41.062490136,50.601244796067476,,
34.98234520700001,41.58391577005386,,
37.468652573,31.29521667212248,,
37.288354139000006,29.600100595504045,,
33.3772601,28.86322250775993,,
36.033438328,30.12840436398983,,
34.0637038574,31.952254101634026,,
29.856605008999995,36.180673476308584,,
30.971171839,34.2029476147145,,
29.876855555000002,32.23151937127113,,
30.0798556512,34.017112638801336,,
33.850315078399994,32.52147792652249,,
33.127251140999995,31.510096184909344,,
34.4996004324,33.45151095837355,,
31.518798177799987,37.15940020978451,,
31.4469529706,23.87798684835434,,
40.631580290500004,33.23135095089674,,
39.393162464000014,37.58841582387686,,
37.40746150599999,31.47697588801384,,
41.740941562999986,29.15146343782544,,
44.981709557,31.7400263492018,,
37.16832936800001,31.75914522446692,,
38.064104144000005,25.93248814344406,,
35.38253794819999,26.381937947124243,,
30.98782544729999,31.893803507089615,,
32.10844059999999,32.85541792958975,,
41.338412938000005,32.422572530806065,,
36.00047618699999,58.5207871934399,,
35.506281261000005,,,
35.83718734199999,,,
31.624840257999995,,,
31.513019810000003,,,
30.554829141000006,,,
30.305412013999998,,,
33.369911908999995,,,
32.78316306400001,,,
29.038162045999993,,,
30.082364584999997,,,
31.992650719999997,,,
27.88981524900001,,,
28.15630801,,,
30.299801799999994,,,
30.377160041999993,,,
32.84827584,,,
28.927826072000002,,,
29.219521395000005,,,
30.930406968800003,,,
32.178411407999995,,,
31.544705243800006,,,
34.1576522,,,
33.593334868999996,,,
35.709282540000004,,,
40.00060096000001,,,
41.015445474,,,
43.67483485239999,,,
43.842573636000004,,,
38.892971755999994,,,
36.38930953,,,
34.434616982,,,
34.80463160670001,,,
37.6176995914,,,
34.822031243999994,,,
34.59297932,,,
38.217685729999985,,,
39.758081614,,,
36.843145287000006,,,
31.027800048999996,,,
30.381752289,,,
31.840368343,,,
32.783491089,,,
32.575256487500006,,,
30.046972503000003,,,
38.364978558999994,,,
36.45299471379999,,,
37.683803557500006,,,
41.47643573999999,,,
46.94457377999999,,,
37.846208676,,,
37.12708624930001,,,
30.733081490199996,,,
28.325335544000005,,,
31.127350969,,,
38.618326692,,,
35.538081176,,,
37.31156486709999,,,
36.24770409099999,,,
30.29274602,,,
32.382917733,,,
30.243239275,,,
29.083178813000004,,,
30.349677157,,,
31.874216676000003,,,
31.973213810000008,,,
32.14303040200001,,,
28.47874656600001,,,
28.7191902053,,,
28.969610649000003,,,
31.436628169,,,
27.951972373999997,,,
35.4560103446,,,
32.157044725999995,,,
30.21726949,,,
32.143625283999995,,,
33.80253659700001,,,
34.788692428999994,,,
36.335559782,,,
37.064568726999994,,,
40.49576368379999,,,
36.92227702500001,,,
35.391525134,,,
34.434950369999996,,,
34.14837996810001,,,
33.957998309999994,,,
34.40806697400001,,,
37.21499717499999,,,
31.887635615,,,
30.805585192000002,,,
30.980958822999995,,,
34.218188137999995,,,
37.89254784199999,,,
36.656043749999995,,,
35.936053527999995,,,
35.202209117,,,
34.62341183350001,,,
34.506804837999994,,,
38.056113989,,,
37.68401768419999,,,
33.876173789999996,,,
34.226460422,,,
31.958011465700004,,,
35.012903907,,,
34.99375916700001,,,
37.56506197,,,
32.82754542449999,,,
29.289385511300004,,,
27.706010134000003,,,
27.86659476500001,,,
30.210443515999994,,,
37.126569247,,,
35.133386081999994,,,
40.499406999,,,
32.27021838999999,,,
31.728777349999998,,,
31.0776584095,,,
29.148973593,,,
33.305903982000004,,,
27.648115386000004,,,
28.266625061599992,,,
30.805628129000006,,,
29.8066496575,,,
26.955139891999995,,,
32.98313986500001,,,
31.01895054000001,,,
31.481409088000003,,,
28.400879267800004,,,
31.932073816000003,,,
30.326660457499994,,,
31.280265910000004,,,
31.490861738000003,,,
34.430178698,,,
38.283414189999995,,,
40.969291459999994,,,
40.114962377,,,
34.281178373,,,
33.774000615,,,
34.461504139,,,
30.465879742500004,,,
32.1615019392,,,
33.59099587500001,,,
31.973770739999996,,,
33.47661232400001,,,
37.58448875,,,
31.581405582800002,,,
31.726315169999996,,,
32.48948364599999,,,
31.298242872,,,
30.465173675500004,,,
28.828415817,,,
36.196870479999994,,,
35.6967605636,,,
35.92003476,,,
43.25163769,,,
37.128698538,,,
34.73281434300001,,,
31.29037151370001,,,
29.098079033000005,,,
28.785242341,,,
28.602615453,,,
29.021916417500005,,,
28.774185762000005,,,
30.077462064000006,,,
28.629617176,,,
28.184220578999994,,,
29.765754059999995,,,
39.79405027399999,,,
37.83009833500001,,,
43.48437220600002,,,
30.271008656000003,,,
30.17403977,,,
25.036941836399993,,,
32.165511286,,,
30.336985419999994,,,
28.019649639999994,,,
28.682352637999994,,,
29.931520676000005,,,
28.019436903000013,,,
31.669658850000005,,,
30.111129849999994,,,
29.805950190999997,,,
33.526597366000004,,,
32.07235562779999,,,
31.810598647299997,,,
34.053363299999994,,,
36.40916476,,,
34.805491344,,,
30.11537851,,,
34.25689841500001,,,
29.575695352,,,
30.844811217500002,,,
31.76840170699999,,,
34.045874266000006,,,
32.201747476,,,
35.537010533,,,
34.830868965,,,
34.636617418,,,
35.3754507705,,,
26.68153149200001,,,
31.249921321,,,
34.9179129578,,,
34.86927545670001,,,
31.773663043999996,,,
28.032935643,,,
30.665694831000007,,,
29.680489494999993,,,
37.343286373400005,,,
38.403250289,,,
33.56958215000001,,,
31.359667404000003,,,
33.163877911499995,,,
29.722239652000003,,,
33.99601542,,,
30.637982228299997,,,
27.92090635,,,
28.007982841000004,,,
29.745012977,,,
29.277633652000002,,,
30.647902999999996,,,
29.93181899000001,,,
28.723350937000003,,,
30.07056537,,,
40.266022285000005,,,
37.45682383,,,
41.88048963999999,,,
31.7273051164,,,
30.261766244999986,,,
28.340998157999998,,,
26.093945577,,,
27.285878944,,,
33.266414862000005,,,
32.909804769,,,
25.615807005999987,,,
34.714829300999995,,,
30.298682386000003,,,
28.777388054,,,
33.1635126897,,,
28.24570117820001,,,
29.060248059999996,,,
31.020340816699992,,,
32.640779908999995,,,
32.910526336,,,
30.621650910999996,,,
31.5436196758,,,
27.881128927,,,
35.364671910000006,,,
37.1170294886,,,
34.044089856499994,,,
34.004332765,,,
30.202727804000002,,,
27.550285277000004,,,
31.799694798000004,,,
31.65180687,,,
33.17900667399999,,,
28.129639932,,,
28.792810445000004,,,
31.204505331,,,
33.393040877,,,
28.790049620000005,,,
32.621323539200006,,,
34.65320165400001,,,
35.80873745100001,,,
31.385196309999994,,,
32.011743208000006,,,
31.939002166999998,,,
34.845953584,,,
36.43917194780001,,,
32.593080431,,,
31.593609461000003,,,
31.471646705999998,,,
31.728021313999996,,,
32.303220199,,,
30.224807839499995,,,
27.857162155000008,,,
29.405748753999994,,,
29.297693678,,,
27.043330249000004,,,
27.321628106000002,,,
38.586992322000015,,,
34.91133547,,,
40.782994609,,,
30.993464724100008,,,
30.885926245,,,
30.2815630697,,,
29.584178785099994,,,
26.143210432999997,,,
32.77036742799999,,,
28.901989608999997,,,
31.187920974,,,
31.763475588000002,,,
28.551028176099994,,,
31.09143367600001,,,
33.357198956000005,,,
31.220817993200008,,,
32.3798893072,,,
30.713943733,,,
30.804141544999993,,,
38.223886859,,,
33.535966110000004,,,
34.35063362599999,,,
29.92698826,,,
29.955598717700003,,,
29.716979238409994,,,
34.6433190259,,,
33.27645592499999,,,
32.800506121000005,,,
27.336719930999998,,,
33.161551804000005,,,
33.848584196,,,
31.30194227,,,
28.742096355000005,,,
29.097642450899993,,,
33.439399132,,,
28.39435383,,,
28.0223846913,,,
31.375412297000004,,,
35.5556284,,,
31.6073569274,,,
28.446129076000002,,,
31.680798965000005,,,
29.494243833000002,,,
31.859209330000006,,,
35.23098673600001,,,
32.889932988,,,
34.411483780000005,,,
31.065413341,,,
32.182835180000005,,,
31.648867480000003,,,
29.244384085000007,,,
26.369419962000006,,,
28.964201220000003,,,
29.07918123700001,,,
27.516311873000003,,,
28.279397459000005,,,
39.72567209199999,,,
34.625681062000005,,,
39.75182446099999,,,
31.173071216500002,,,
27.354514633000004,,,
28.955142752999993,,,
33.038605063,,,
30.128809606999997,,,
33.761377239999995,,,
34.512601950000004,,,
33.215881603999996,,,
32.01306318600001,,,
29.759850469999996,,,
31.80883082,,,
32.10883351100001,,,
28.764219137999998,,,
34.05753592,,,
31.281094298399996,,,
35.192101152,,,
38.9685585724,,,
32.52637815399999,,,
36.07417783999999,,,
31.625209410000004,,,
28.97792199600001,,,
30.075219458000003,,,
34.3072148604,,,
34.974562099999986,,,
31.903845791999995,,,
30.884561019999996,,,
29.282151984000002,,,
30.8622579237,,,
30.579756595000003,,,
30.079343521000006,,,
31.804514232999995,,,
26.997036125,,,
26.341999207000004,,,
30.470952474000004,,,
32.594771767999994,,,
29.198850437000008,,,
28.391786474,,,
33.54276028800001,,,
35.805964625,,,
32.161818452,,,
32.1022931595,,,
33.9817849137,,,
34.92889979939999,,,
33.939232625,,,
31.847493832000005,,,
30.250333422000004,,,
31.567453390999997,,,
29.891472932199992,,,
28.151933637000003,,,
27.157118972,,,
27.189419637000004,,,
27.398220418999994,,,
29.546471688999993,,,
41.151096302999996,,,
35.28297769099999,,,
40.623947366,,,
30.980128392999998,,,
26.66662073949999,,,
31.275909725,,,
32.49767536699999,,,
30.698859512999995,,,
33.44867837019999,,,
41.26796016580002,,,
35.079484971000014,,,
29.9213639482,,,
28.507488779999996,,,
35.690625812,,,
34.948684092,,,
38.076517423199995,,,
35.53691474659998,,,
29.528082495999996,,,
30.9553174785,,,
38.372443006999994,,,
40.32747912929999,,,
36.843473638999996,,,
31.5019428,,,
29.310621200200003,,,
32.321464940000006,,,
33.077390294,,,
33.316012219,,,
28.519908234000003,,,
33.140459736000004,,,
34.532116617,,,
29.45382985,,,
29.410223750000007,,,
32.624394284,,,
31.75178866999999,,,
28.422170012,,,
32.9884356887,,,
29.819802491000008,,,
29.359063344,,,
28.087078505999997,,,
29.95313646399999,,,
30.218915981,,,
29.217757956,,,
29.195323511499993,,,
28.335456948000008,,,
28.468536204939998,,,
31.457747475999998,,,
32.818757397320006,,,
33.610034266,,,
33.895267098,,,
31.691497315699998,,,
28.237049603999996,,,
28.581491992999993,,,
28.480969367999993,,,
28.475646463999997,,,
29.414232871,,,
30.049192671999993,,,
40.878060114,,,
37.220551671999985,,,
40.07687326200001,,,
32.409648002699996,,,
28.501489462000013,,,
30.3626804893,,,
32.8235665146,,,
29.7301702892,,,
31.858658330000004,,,
29.509652816000003,,,
28.617042740000006,,,
34.811086841,,,
28.582262937999996,,,
31.000031133000004,,,
38.104466387685996,,,
40.385873972999995,,,
32.417056822,,,
30.317190438,,,
26.41677822300001,,,
30.350372719999996,,,
41.669015038000005,,,
31.256004039000004,,,
30.391755983999996,,,
31.024497235999995,,,
29.747686433999995,,,
31.341914505,,,
33.07043888000001,,,
33.248434028,,,
35.514771677999995,,,
34.656846269999996,,,
31.353811974499997,,,
30.540812244999998,,,
31.80796971095,,,
28.330431336799997,,,
30.431575541999997,,,
32.41976271750001,,,
30.858627739000003,,,
27.922327411000005,,,
30.968409176,,,
30.372496018399996,,,
27.719747836999996,,,
27.197903738999997,,,
26.866580216000003,,,
32.649446082000004,,,
33.778773509999986,,,
30.500259291000003,,,
30.259274696000002,,,
37.3230406,,,
37.541444409936005,,,
33.99584552700001,,,
30.69537756699999,,,
28.392275912000002,,,
28.180281951999998,,,
28.264284543000002,,,
29.43580021,,,
30.414270824000003,,,
40.245957089,,,
36.871468002000015,,,
39.41973298,,,
31.069665007000005,,,
31.417037031,,,
30.171191467,,,
31.03631165500001,,,
30.240246270900005,,,
31.784982711,,,
28.553044228999994,,,
32.894193797999996,,,
34.39989958,,,
33.682305767,,,
30.385543178999992,,,
31.7074539526,,,
32.00399631300001,,,
30.099935434000002,,,
30.098411245000005,,,
32.30728500000001,,,
31.687745124999996,,,
30.3180804084,,,
29.233719119000007,,,
32.585582158,,,
36.25548111,,,
29.43149958919999,,,
31.518771608999995,,,
29.98978953,,,
31.251296529000005,,,
34.626572751999994,,,
33.25916221699998,,,
30.888744565000003,,,
30.551338215999998,,,
31.520035263999997,,,
26.123049322299998,,,
29.465629083,,,
31.770184138999994,,,
30.215828578600007,,,
30.868412659999997,,,
38.128076885999995,,,
30.726676620000006,,,
30.205812543999993,,,
28.916584133700006,,,
31.336100161,,,
31.673398954600003,,,
31.26047172899999,,,
33.152381942999995,,,
32.544616246,,,
35.835743918000006,,,
34.38734045199999,,,
33.147489026,,,
32.93988624000001,,,
30.4289164745,,,
30.33694212860001,,,
28.585871568,,,
28.967706774999993,,,
29.737684795999993,,,
38.97342847599999,,,
36.35345326999999,,,
38.90604674,,,
33.864318124,,,
33.257816623999986,,,
28.868181942099998,,,
28.942896159000004,,,
33.141107743,,,
28.503188997000002,,,
27.784413746,,,
34.03380311699999,,,
36.434702120000004,,,
32.879930904999995,,,
30.470945731999993,,,
29.342037035400004,,,
28.803388137,,,
33.21829042699999,,,
36.645376715999994,,,
34.7827944755,,,
32.516857854899996,,,
29.21452847,,,
30.560873126000004,,,
33.738162628,,,
36.193632521,,,
33.8118384178,,,
28.928555918999994,,,
28.708828793,,,
31.182800325000002,,,
33.654450436000005,,,
29.066066361999997,,,
31.350967497999996,,,
31.484650583300002,,,
30.106962817,,,
27.80728079,,,
31.127213777999994,,,
26.930032339999993,,,
30.012864287999996,,,
35.2695625726,,,
33.73539046538,,,
27.018262189,,,
29.6576656825,,,
27.035086566839997,,,
28.331991217000002,,,
28.100867778000005,,,
28.630349330000005,,,
29.8281001412,,,
31.138953800999992,,,
34.405010925999996,,,
32.117394241999996,,,
32.45474997549999,,,
32.248008836000004,,,
33.90992469600001,,,
31.498136919000007,,,
29.653453384999995,,,
28.798557934,,,
29.250185805700003,,,
38.571362459999996,,,
35.20051490649999,,,
42.31071775599999,,,
32.862788949,,,
34.79451801160001,,,
32.29783190910001,,,
31.84658753,,,
29.976886502999992,,,
30.486256028499998,,,
29.081693676800004,,,
33.249938254,,,
34.317950231000005,,,
34.038713135,,,
30.39119004500001,,,
28.704055964200002,,,
29.167371351999993,,,
33.450372516,,,
36.0182303492,,,
34.678848391,,,
29.698105597000005,,,
28.57299586,,,
31.813959277999995,,,
32.6904172403,,,
35.20045769969999,,,
29.8356688212,,,
25.909261394,,,
33.263938724,,,
29.64676231900001,,,
28.543698786,,,
27.800446610999995,,,
34.371959688000004,,,
31.010365112000006,,,
31.656374728,,,
32.03784009979999,,,
29.767754196000006,,,
26.5282033847,,,
32.6854823469,,,
32.343782827000005,,,
30.088154305000003,,,
28.645016342999998,,,
29.273051409999997,,,
27.119732124749998,,,
27.575959291500002,,,
27.781373471700004,,,
32.8976670212,,,
34.482081234,,,
35.07891158,,,
31.088511004000008,,,
33.148451765500006,,,
34.151714254999995,,,
32.46685473700001,,,
33.80564728,,,
30.93881925399999,,,
31.124521400000003,,,
30.953852728999998,,,
31.17870028,,,
41.50556607000001,,,
36.33574251200001,,,
41.03878809,,,
33.32400267100001,,,
33.68869523,,,
37.458607721400014,,,
30.513509206,,,
31.448299601400013,,,
32.67190301000001,,,
30.041365034000002,,,
30.472115522000003,,,
34.56587991,,,
30.55431063,,,
28.338918838999998,,,
30.428205818999995,,,
29.967060969,,,
31.590007488999998,,,
30.6131928015,,,
33.6217911687,,,
29.304711794000003,,,
29.281007884999998,,,
34.724555964299995,,,
33.63666485500001,,,
32.460591435,,,
32.516535173499996,,,
30.191945613000005,,,
32.568985163,,,
29.726309884299997,,,
31.792932560999994,,,
32.400552170999994,,,
32.11364253199999,,,
29.563586599418006,,,
35.22292388399999,,,
34.25139641699999,,,
32.91247129100001,,,
29.059897633000002,,,
32.232569014,,,
32.506953908,,,
34.02671368100001,,,
33.35715913000001,,,
26.700251489000003,,,
27.170702667999997,,,
28.126234374000003,,,
31.743371001,,,
31.993933161,,,
32.02685022800001,,,
30.445673979000002,,,
33.50407568,,,
32.20722652999999,,,
29.305370889000002,,,
31.984064482000004,,,
32.514158650000006,,,
30.902868214,,,
30.55056812719999,,,
30.092032101,,,
28.832211028999996,,,
41.675400374999995,,,
38.280619754700005,,,
40.576737756000014,,,
34.510770139,,,
28.30480904599999,,,
36.02237295999999,,,
39.400523577,,,
34.29831030300001,,,
29.550806030000004,,,
28.957107597,,,
29.271664500000004,,,
30.170718992699996,,,
27.5363025017,,,
30.852940284899994,,,
30.850715491299997,,,
28.20076084,,,
33.326434230999986,,,
33.02602001000001,,,
31.7167575005,,,
26.575125300000003,,,
35.200877134,,,
33.846799561,,,
32.049053432,,,
31.05623983300001,,,
31.921663540000008,,,
32.994080591,,,
31.864671023,,,
29.129692545399998,,,
30.85248896,,,
33.0779803044,,,
36.105787084,,,
38.288817458,,,
39.727160967,,,
37.395306064,,,
36.2386539214,,,
35.901743878999994,,,
35.338037642500005,,,
34.72698131800001,,,
35.470793660000005,,,
30.572168998,,,
27.29269899800001,,,
26.397809537,,,
28.988912409000005,,,
32.360898968,,,
28.484008120800002,,,
28.214693532999995,,,
29.361947394,,,
30.794325446,,,
31.231526544999994,,,
27.561767514500012,,,
32.081003362000004,,,
34.10902130000001,,,
32.852256819000004,,,
30.121308985000002,,,
30.048172288000004,,,
27.695693215599995,,,
39.48625737,,,
39.89458536899998,,,
40.37623644599999,,,
36.91898318668,,,
29.842794370000007,,,
32.332844087,,,
36.886668345000004,,,
32.16551485299999,,,
31.482511416000005,,,
33.290823954699995,,,
32.810584415,,,
32.71210523100001,,,
31.708361416000002,,,
32.420233925000005,,,
33.050334697000004,,,
28.380822168299993,,,
29.359974834000003,,,
28.780760726499995,,,
31.190492448,,,
29.683261743,,,
30.6828899,,,
31.4774498794,,,
32.897373089999995,,,
32.291424998000004,,,
29.646538121000003,,,
32.79345288619999,,,
34.767425542,,,
32.638162921,,,
35.127154512999994,,,
33.947517061999996,,,
36.30184987000001,,,
41.920524148,,,
38.103973895999985,,,
37.966341516,,,
36.166129308,,,
38.445958438,,,
35.396974526,,,
33.5190330815,,,
30.864425612000005,,,
32.39889981500001,,,
29.736937168999997,,,
26.596426315000002,,,
33.1257901904,,,
33.16524389827999,,,
29.705785834999993,,,
29.485458385999998,,,
29.25429312099999,,,
29.463906590299988,,,
34.68557432999999,,,
31.889183128999992,,,
30.016229107,,,
32.236168799999994,,,
34.981731684,,,
31.179412296,,,
30.001171465000002,,,
28.791399285999994,,,
39.695360056,,,
37.44761860899999,,,
40.55130094699999,,,
34.87945513799999,,,
31.721772682000008,,,
30.980634877799996,,,
30.109989128,,,
36.614279634999995,,,
36.50889142300001,,,
36.30375794599999,,,
34.339117684,,,
37.614003071000006,,,
33.74737459400001,,,
33.471832251950005,,,
28.234099141799994,,,
34.643236948,,,
29.270118010999997,,,
28.823887334,,,
32.725824335999995,,,
30.630332358,,,
29.872505448999995,,,
30.904148302000007,,,
34.407765077,,,
29.459163679300005,,,
34.10178568,,,
28.532778873599995,,,
35.125065606999996,,,
48.14264149939999,,,
40.38190838699999,,,
37.94559844300001,,,
39.740812469999995,,,
34.72436353200001,,,
30.029520520000005,,,
30.127262828000006,,,
26.937900833999997,,,
28.25553882,,,
29.838738828600007,,,
37.934976758,,,
33.57741294000001,,,
28.311988062000005,,,
30.047551300000002,,,
32.001379573,,,
29.748224532200002,,,
31.891385570000004,,,
28.879141770999997,,,
28.162304919400007,,,
32.26673392000001,,,
28.084026036999997,,,
32.242891605,,,
34.396321656,,,
30.647790353,,,
32.842282268400005,,,
34.89372491999999,,,
32.37854884,,,
31.224562701999997,,,
29.355291844999993,,,
39.47254237700001,,,
36.963871514000004,,,
37.927205433999994,,,
33.081287216699984,,,
29.454497720999996,,,
32.45243017899999,,,
29.746271970000006,,,
31.867266139999998,,,
34.368690724000004,,,
38.871773507,,,
38.779405860000004,,,
34.35324015699999,,,
31.874605828999997,,,
32.177057338000004,,,
27.4720072195,,,
33.607952493,,,
27.929846074999997,,,
29.237337850000003,,,
32.9704508737,,,
27.559391413,,,
32.098185352,,,
33.68776750215,,,
30.281652308,,,
29.677852641000012,,,
32.713247505,,,
31.408133553999996,,,
33.343361687,,,
36.106256376,,,
34.016759433,,,
32.31160517,,,
31.217843126000005,,,
28.88609564350001,,,
31.586699957299995,,,
32.6135314375,,,
29.856592409,,,
31.16371246,,,
32.89383928400001,,,
34.001198042,,,
40.6490634992,,,
34.77384927800001,,,
29.53177176100001,,,
30.9045553743,,,
30.852229558999994,,,
35.495794780000004,,,
33.751809099,,,
31.59129187100001,,,
33.604339808400006,,,
33.142606713000006,,,
28.635431048999994,,,
32.97189830199999,,,
32.985799693999994,,,
32.79806240199999,,,
33.368919795,,,
34.013166138999985,,,
30.737524303999997,,,
27.744177066900004,,,
37.094176802,,,
36.606027096,,,
35.64438022599999,,,
31.347908186,,,
28.600768013399996,,,
29.154302788999995,,,
33.31799511799999,,,
32.0854579,,,
31.393638460000002,,,
29.103357062999997,,,
37.18873435229999,,,
31.684488763999994,,,
29.005457804999995,,,
28.749209649999997,,,
33.7630793017,,,
29.839190991999995,,,
27.155896710000004,,,
31.0488999325,,,
28.965660259,,,
24.52604734700001,,,
30.367778144,,,
30.204151113000005,,,
25.976422692599996,,,
29.118613736,,,
29.222739984,,,
36.630222684,,,
30.349186771,,,
29.030554030000005,,,
30.9894056625,,,
34.304657838000004,,,
34.720280276000004,,,
33.75732244899999,,,
31.40131980199999,,,
32.961338785279,,,
31.29418451299999,,,
29.86610303,,,
33.23264132199999,,,
36.435632601,,,
31.270978530999994,,,
41.00299054670001,,,
30.877907724999996,,,
33.656625397999996,,,
27.560379280700015,,,
27.875125225999998,,,
29.16225503,,,
30.66004659,,,
32.004508715,,,
32.817584219000004,,,
33.49536478500001,,,
30.715312978999997,,,
30.75745527400001,,,
31.708245549999997,,,
29.165808946000006,,,
33.78792797099999,,,
29.671917177999994,,,
28.305011438,,,
38.9305846551,,,
34.46851203500001,,,
35.053057005,,,
33.900971026,,,
29.080109374000006,,,
28.608691077900005,,,
32.002765271,,,
32.015930915999995,,,
30.643368469000002,,,
33.24955264,,,
31.643233007000006,,,
33.145061018,,,
30.220413347999997,,,
30.490940130000002,,,
28.500716757999992,,,
27.7877642226,,,
29.452377121999998,,,
31.296809311500002,,,
27.823564522,,,
29.132947872999996,,,
29.291386219,,,
26.054489848199996,,,
29.848140328999996,,,
30.231206409000006,,,
33.165922536000004,,,
32.327660093000006,,,
29.011335752999997,,,
32.057923196999994,,,
27.686016796700002,,,
30.839919459999994,,,
32.656651063999995,,,
33.39328383700001,,,
32.61318408,,,
30.837280089400007,,,
31.407879119999993,,,
33.337699806,,,
29.436358983999995,,,
31.141932413,,,
31.128820341999994,,,
36.221189742,,,
31.452323424999996,,,
28.273137467,,,
31.462681261000004,,,
27.03753823,,,
26.898492399499997,,,
31.246044839,,,
31.099697811499993,,,
30.119288362999992,,,
30.675744874999996,,,
27.677529252000003,,,
30.762962542000007,,,
32.363630463999996,,,
31.643493458,,,
31.61475652,,,
29.396475791599997,,,
29.2859169416,,,
42.241951602,,,
37.15124955739999,,,
37.294627981999994,,,
33.145178409399996,,,
31.359321011300008,,,
30.3181270302,,,
30.22828172000001,,,
30.148110581999997,,,
28.516693028,,,
29.967437589699998,,,
30.836662254000004,,,
29.749940759999994,,,
30.38963843299999,,,
33.637272928,,,
28.4301510219,,,
29.707704066999995,,,
31.278311863,,,
29.701112969,,,
30.18765689,,,
29.823559998000007,,,
28.967862041600007,,,
29.966483550000007,,,
33.276727607699996,,,
30.208278832000005,,,
32.05296152400001,,,
30.907871655999998,,,
32.491571543999996,,,
32.946717878,,,
32.981958662,,,
31.118494221000002,,,
31.11098831329999,,,
32.768440795000004,,,
36.03796509240001,,,
32.93017478,,,
31.983777835999998,,,
29.877314775900004,,,
28.278994028,,,
29.570843554,,,
33.914861638,,,
30.991214075,,,
29.915649716,,,
28.049418306369997,,,
29.697882398,,,
32.98812330499999,,,
31.341389581,,,
28.044167681999994,,,
33.82715139,,,
34.649964475,,,
32.514200562999996,,,
28.372689659,,,
32.6153101111,,,
32.69469718599999,,,
31.253395853999997,,,
30.599057097,,,
26.540235909999993,,,
27.371533846499993,,,
40.007602209999995,,,
41.257697500000006,,,
37.438779985999986,,,
33.09235600000001,,,
29.27067971029999,,,
30.7952093686,,,
30.135056647999996,,,
30.162272268,,,
31.158585364999997,,,
30.630556505000005,,,
28.728083720000004,,,
33.61206105669999,,,
33.90339437000001,,,
28.987033193999995,,,
28.965293476,,,
31.143536645999998,,,
34.31893865131,,,
32.734149206000005,,,
30.787874847999994,,,
31.931731659000008,,,
30.767202171500006,,,
32.99320279,,,
32.068502905,,,
30.736033949999992,,,
28.606491808999998,,,
28.238599676999993,,,
32.580765439,,,
29.953746268000003,,,
31.129263821499997,,,
28.92273057,,,
32.968272862,,,
30.119689144,,,
34.62784250500002,,,
32.16998324,,,
32.085745670899996,,,
32.183744510000004,,,
30.98282183,,,
31.295003245,,,
31.241112728999994,,,
28.601659234999996,,,
33.366963467000005,,,
33.49516016199999,,,
34.375290187,,,
30.923853766000008,,,
29.374974432000005,,,
27.392090226,,,
29.675929044000004,,,
34.196311196,,,
30.728582705769988,,,
29.735372229000003,,,
33.967930426,,,
31.540890035399993,,,
28.7084358154,,,
28.867147371999994,,,
27.442638468000002,,,
27.69562536,,,
39.897488687000006,,,
36.33117621200001,,,
37.17530264000001,,,
31.845184834999994,,,
28.295909989,,,
27.305067903,,,
31.3340826305,,,
31.5633341474,,,
30.61976634300001,,,
30.516208828,,,
31.995750018000006,,,
31.671847267400004,,,
30.149197164,,,
25.984925457099997,,,
33.3124619253,,,
32.300494999,,,
30.497190013000008,,,
38.31356373,,,
36.66290591399999,,,
33.66892696,,,
34.782446802300015,,,
35.086968409,,,
32.407568063999996,,,
32.711161327000006,,,
28.73641703600001,,,
29.62938893,,,
32.27730561499999,,,
30.23164177799999,,,
27.582846444999998,,,
30.880254739999994,,,
34.070916236,,,
32.39160977499999,,,
30.110721679999997,,,
28.110599486,,,
31.718449065,,,
30.672805487499996,,,
31.082880416,,,
32.96892393,,,
33.639112837000006,,,
29.083009977299998,,,
29.4793872113,,,
33.909246624,,,
29.542411869,,,
29.730806129999998,,,
28.206477848699997,,,
32.74465064900001,,,
25.96188446799999,,,
28.346872695000005,,,
28.56554634055999,,,
31.911551954000004,,,
32.99722667,,,
31.652887736999993,,,
28.727678302,,,
28.804886943000003,,,
27.103937448999982,,,
29.375125725999993,,,
38.83829956,,,
33.673516264400014,,,
39.08099054,,,
33.40981686,,,
29.910053615999995,,,
31.966400169000003,,,
28.417080829000003,,,
30.419215596999994,,,
29.72517624399999,,,
29.340531093000006,,,
31.68251883100001,,,
29.030374516000006,,,
33.309299149000005,,,
30.436068012,,,
31.386355108,,,
29.941761140000004,,,
29.195364246999993,,,
40.586175576,,,
36.3859801977,,,
31.960310946500012,,,
35.10415086599999,,,
34.701433518999984,,,
33.074441211,,,
33.415130008,,,
29.17381027060001,,,
31.151996141999998,,,
33.05477777499999,,,
29.798898823999995,,,
29.997701303000007,,,
31.923670687600005,,,
31.432033713800003,,,
32.900216594,,,
30.640966907999992,,,
31.291892033000003,,,
32.068919891,,,
30.161796395,,,
30.357700728000005,,,
31.323486473000006,,,
33.75689360700001,,,
32.124763811,,,
29.354446958000004,,,
31.762436329000007,,,
30.485271205000004,,,
30.001245004999994,,,
29.047720280000004,,,
30.33721835739999,,,
28.748750120199993,,,
27.657700287000004,,,
27.448163311999995,,,
31.65896583999999,,,
32.2072629421,,,
30.281082514000005,,,
27.241031319999998,,,
29.145063533,,,
27.898233422,,,
28.276018320299997,,,
40.1927864067,,,
36.048268111000006,,,
38.417144305,,,
33.4485094844,,,
30.255640870999997,,,
32.909722331,,,
26.800625155000002,,,
31.92459303,,,
29.493437033,,,
31.819949584400003,,,
32.8709437536,,,
30.328175998000003,,,
30.736658827999996,,,
28.241429996000008,,,
27.204137662999997,,,
31.185875471999992,,,
30.427240884000007,,,
34.58391811700001,,,
34.149303456,,,
32.02092692000001,,,
32.432920822,,,
30.833464464000006,,,
31.895501990000003,,,
32.140070922999996,,,
33.8052181632,,,
32.703849262199995,,,
32.407652413,,,
29.549521938999995,,,
33.917001547000005,,,
29.75447114,,,
31.036226772,,,
31.028107585999997,,,
30.040430382000004,,,
30.803941032999997,,,
31.236393139999997,,,
32.719364760999994,,,
27.808018641000007,,,
29.721962976,,,
29.594345571,,,
34.89959264400001,,,
30.564773538000004,,,
27.060670077999998,,,
31.64554539400001,,,
34.387067725600005,,,
31.205854111000004,,,
29.247328634699997,,,
30.36818467,,,
27.746344822000005,,,
32.482171601999994,,,
32.958508546,,,
30.9171810925,,,
29.641857017393,,,
28.496063537299996,,,
29.87687854,,,
26.153831810000014,,,
27.978411805000007,,,
39.555885866,,,
36.68039247999998,,,
36.96011763499999,,,
34.82531767500001,,,
29.42822766199999,,,
29.124380502999994,,,
29.8039850245,,,
32.07796379599999,,,
29.518091361999996,,,
30.178595480000002,,,
38.610201585999995,,,
32.836046538,,,
27.069233492,,,
26.036642588,,,
29.69342027599999,,,
34.573130759,,,
31.530214625300005,,,
32.171254340000004,,,
34.164175441,,,
31.780021566000002,,,
31.234153331999995,,,
27.801288591000002,,,
30.427274903999994,,,
29.3434609703,,,
35.0621294606,,,
33.31794983600001,,,
34.19029187700001,,,
31.981218368859995,,,
29.275461926,,,
31.494540084999997,,,
34.016905701999995,,,
34.634841889,,,
30.617294159599997,,,
27.283758847999998,,,
30.295569856499988,,,
27.946368875,,,
29.294849386999992,,,
29.227045965000006,,,
30.907160228000002,,,
32.65463298400001,,,
30.146122868400006,,,
24.924200735000003,,,
29.352535499299997,,,
33.693746731999994,,,
33.603733153,,,
32.132137159699994,,,
27.362654603000003,,,
27.274858639999998,,,
31.124614054999995,,,
30.843649094000014,,,
36.02785179299999,,,
29.728519320899995,,,
27.740602284999987,,,
29.107899356499995,,,
28.207863886,,,
26.737808994999998,,,
39.261426449999995,,,
35.49189537000001,,,
35.843561009999995,,,
36.660657222000005,,,
32.69686670578001,,,
27.230307705,,,
30.064134652,,,
29.057107005000006,,,
29.682499982000003,,,
32.486636572,,,
31.927106190599996,,,
31.372729925000005,,,
32.765607839000005,,,
33.097073499,,,
24.66532594599999,,,
27.365169807000008,,,
28.144146795999998,,,
30.94240100400001,,,
32.326422408999996,,,
31.623503881300007,,,
31.327909875000003,,,
30.64683240200001,,,
25.378173282000002,,,
31.908807904000003,,,
32.949871046999995,,,
34.719389896,,,
32.543836281000004,,,
31.458368676999992,,,
29.98371224100001,,,
27.32415258600001,,,
32.598534426,,,
34.821667548000015,,,
31.088868776,,,
31.441102415000003,,,
32.642005779,,,
28.119130011200003,,,
32.60659902900001,,,
33.5262997095,,,
30.240526109599994,,,
28.910725347,,,
27.897082532000002,,,
26.536720711600005,,,
30.840528715,,,
31.71887756000001,,,
33.011953939,,,
31.358704117,,,
29.88268261,,,
33.7677600187,,,
30.251545823999994,,,
29.3797354253,,,
33.65954034599999,,,
30.199641352999986,,,
29.150710568000004,,,
28.200549926999997,,,
27.65564374599999,,,
29.649385017000004,,,
44.10070036999999,,,
37.03637295000001,,,
35.82924915499999,,,
32.921161997,,,
28.502274730999996,,,
30.7510037852,,,
29.889463729,,,
27.933975499999995,,,
34.050572837,,,
30.15512971600001,,,
30.025430424200007,,,
26.428673810999996,,,
31.41193847299999,,,
30.569699803000006,,,
26.293803369999996,,,
28.918696582000003,,,
30.633130775000005,,,
30.964836784500005,,,
34.462927709999995,,,
31.927773418999998,,,
32.607449571000004,,,
31.140280145999995,,,
28.757542824099993,,,
26.492517811000003,,,
29.47259568600001,,,
36.766139721,,,
33.051540256,,,
30.735103441000007,,,
32.59060787,,,
26.57754455,,,
30.623933258900003,,,
32.220837208,,,
32.838944101,,,
33.43569259699999,,,
33.725663917,,,
25.249713841000002,,,
29.410655285000004,,,
31.984464571999997,,,
31.608576778999996,,,
30.939293626999994,,,
32.827724511999996,,,
27.72655651300001,,,
29.839155224999995,,,
29.881963823,,,
28.837736810000003,,,
28.854168166800005,,,
31.966284065000004,,,
32.152031147,,,
30.969783903000007,,,
36.139391546,,,
28.693291697000003,,,
28.965551087400005,,,
32.374199792999995,,,
29.8656829258,,,
28.033516803000005,,,
30.196826007999995,,,
41.879710489999994,,,
36.45568736999999,,,
35.364041058000005,,,
31.864522729999997,,,
30.287783986999994,,,
31.295713376000002,,,
26.621399212,,,
33.088066768999994,,,
31.33563014700001,,,
29.824859546500004,,,
30.805205943000004,,,
27.245983040000002,,,
28.119571943999993,,,
28.195005764999998,,,
28.267089986000002,,,
32.024733704,,,
28.312985368,,,
28.436923069999995,,,
34.994538805,,,
32.471323454,,,
30.419442016000005,,,
29.084789318960006,,,
28.61394407,,,
27.39565888700001,,,
27.474156304999998,,,
32.47873831200001,,,
38.36343449,,,
31.211439234700002,,,
31.746373253,,,
31.806138724499995,,,
31.282302828,,,
32.2501750738,,,
33.206339649,,,
31.457680324,,,
31.417184982,,,
27.199858364499992,,,
29.332328627499997,,,
30.50946776,,,
36.204477702000005,,,
30.61892241,,,
31.297787160000002,,,
27.522053408,,,
30.798370645999995,,,
29.868355641000008,,,
26.808900378,,,
30.151340251999994,,,
29.997885278000012,,,
28.990649200000007,,,
33.20704339,,,
36.471039173000015,,,
29.513737555,,,
29.023335406000008,,,
30.719403266999993,,,
28.637455648,,,
29.460148191,,,
27.445246126000004,,,
38.99716715578,,,
36.00845991399999,,,
37.24343950600001,,,
31.724062270999998,,,
29.926933021,,,
29.46002667099999,,,
28.410937735999997,,,
33.780608828,,,
31.63687494900001,,,
27.519309056000015,,,
29.884269066,,,
28.294094919999996,,,
29.347764842,,,
27.372309587999993,,,
28.193620152999998,,,
26.36835701199999,,,
27.062878145999996,,,
31.095235485999996,,,
30.699722655,,,
28.501771300999998,,,
30.159874646000002,,,
27.356360254000005,,,
25.611599084000005,,,
30.888721983000014,,,
26.544703625999997,,,
30.09239391099999,,,
33.471994544,,,
33.45360893499999,,,
32.445461144999996,,,
31.079659900000003,,,
28.60635647500001,,,
34.208547843,,,
32.57131475600001,,,
29.470172812000005,,,
32.611269594999996,,,
36.588097005000016,,,
31.384703780000002,,,
30.531196596999997,,,
33.0867918486,,,
30.081649705,,,
28.02417686399999,,,
32.897472027000006,,,
28.995222842999997,,,
29.404103677000002,,,
30.08566760700001,,,
31.880784926,,,
29.290889614999994,,,
32.0448272802,,,
39.12523462249999,,,
30.859244825400005,,,
28.124620256,,,
28.456119109000003,,,
27.849649871999997,,,
30.153606168000003,,,
30.41887858400001,,,
28.911768961999993,,,
38.82122603,,,
34.21239323949999,,,
40.832149363,,,
32.147668976999995,,,
30.546022215000004,,,
30.454137243600016,,,
32.202696931000006,,,
34.203814955694995,,,
30.537189914000002,,,
28.064872801,,,
27.892856297,,,
27.69445410300001,,,
26.985836791000004,,,
30.626446332000004,,,
28.696138483000006,,,
27.865786116000002,,,
30.528328256,,,
30.223966260000008,,,
31.235244639999994,,,
31.140353494,,,
32.62531559599999,,,
28.901250576000006,,,
26.479868596999996,,,
29.493648352999994,,,
29.508113635999997,,,
26.5617363863,,,
28.656244734000005,,,
32.89782840899999,,,
32.104666003,,,
31.465523230000002,,,
29.347059754000004,,,
31.2785497041,,,
31.782008077999997,,,
31.242816965929997,,,
34.54931469600001,,,
33.691028256,,,
29.676146742000007,,,
29.637963687000006,,,
28.086408696000003,,,
27.282509595400008,,,
28.973479396000005,,,
33.02358929,,,
32.339207181,,,
29.1146797035,,,
32.23173118,,,
28.754986728,,,
32.8426187244,,,
39.026903886,,,
32.44368516200001,,,
28.313517382000008,,,
30.020594326,,,
29.666121701999995,,,
28.5225497456,,,
29.829291750999996,,,
30.431343638,,,
23.901208391000004,,,
39.52203068200001,,,
34.35409344100001,,,
39.50509584197,,,
33.610821855999994,,,
28.380393094,,,
31.842369409999996,,,
32.746478700000004,,,
33.0321827811,,,
28.828387914000007,,,
26.988341856999998,,,
27.133156710000005,,,
24.705873645000004,,,
27.202591847399997,,,
30.691665645400008,,,
28.294506926,,,
27.434362340000003,,,
29.223649555,,,
30.675608461000007,,,
28.756247913999996,,,
31.937275958,,,
30.383044354000006,,,
31.406334643000005,,,
28.960444982000002,,,
27.523229072,,,
32.198195717999994,,,
30.594860282999996,,,
27.613178298999998,,,
27.484716092000003,,,
32.832532159699994,,,
31.815484141000002,,,
33.76361920550001,,,
28.773760744,,,
29.116475874200006,,,
29.716572925999998,,,
30.105301947000008,,,
32.561195636,,,
28.298135020000004,,,
29.02235424,,,
31.395070042999997,,,
30.793786512000004,,,
29.774422462,,,
29.433472533400007,,,
30.258574364499996,,,
30.122231940000006,,,
29.528860662999996,,,
32.39093577,,,
40.48624917000001,,,
36.834232130000004,,,
29.720543369,,,
31.385618692,,,
31.511959712000003,,,
30.295751818000003,,,
31.834259989999996,,,
27.092379144000002,,,
27.507422361000003,,,
26.414965104000004,,,
36.296264068999996,,,
36.309969656999996,,,
38.90111060999999,,,
34.277847105999996,,,
28.586259228000007,,,
31.08228006999999,,,
31.157653426000003,,,
28.905492854,,,
28.858082300000007,,,
28.395086738000003,,,
27.602429284000007,,,
25.667037767000004,,,
26.40594713672,,,
27.218394372000006,,,
28.983319884,,,
28.017563400000007,,,
28.287508925999994,,,
31.589580504,,,
30.304421839999996,,,
33.338148435,,,
31.745374975000004,,,
30.696584478999995,,,
27.777983777000006,,,
27.773833463000006,,,
30.494944878,,,
30.613774354999993,,,
32.218137739,,,
26.497450788000002,,,
32.68392770199999,,,
32.67045586745,,,
36.365926869,,,
31.284425941000006,,,
33.792232148000004,,,
30.933376324100006,,,
31.374106857,,,
30.530513590999995,,,
28.608720736999995,,,
30.306506668,,,
29.048414309,,,
31.151831664499994,,,
31.88955894,,,
30.60574684599999,,,
29.125689944,,,
29.072039567,,,
34.8547482,,,
39.858901962400004,,,
38.053923581,,,
33.26149778999999,,,
27.341458789999994,,,
32.851941754,,,
29.393498746999995,,,
29.344660889,,,
31.730520223999996,,,
25.543660697000007,,,
31.45370483253999,,,
34.82984908910001,,,
39.199644341600006,,,
37.42534326160001,,,
37.790993024999985,,,
32.803734026,,,
31.4944901699,,,
28.735394392999996,,,
31.944297861,,,
30.410214429999986,,,
33.60228250699999,,,
27.614459940999996,,,
26.554120176,,,
27.598392001500002,,,
27.190937704999996,,,
28.84596197,,,
31.80013692042,,,
30.946292969000005,,,
30.009931705000007,,,
31.334801176000003,,,
33.2121170951,,,
36.7963714158,,,
31.621469135000005,,,
30.894055949999995,,,
28.319884729999995,,,
27.303855579000004,,,
31.83698154,,,
32.896897323999994,,,
31.957978389999994,,,
30.83760221300001,,,
26.82138563,,,
29.702652983,,,
36.47139693999999,,,
35.943712356000006,,,
31.773761094999994,,,
29.78213674379999,,,
31.295464458740003,,,
34.836301058000004,,,
33.741121459999995,,,
33.03528484,,,
31.955295800800002,,,
30.973622053,,,
29.821729685,,,
30.872033939999994,,,
30.761431643999998,,,
36.81681233100001,,,
41.74799682000002,,,
42.16820469799999,,,
34.12301482560001,,,
30.33795382700001,,,
29.561615485999997,,,
28.993733216000003,,,
27.735771327000002,,,
28.856362882000003,,,
30.20489764800001,,,
27.958709725,,,
33.17667984599999,,,
32.54286286589999,,,
38.916431383,,,
36.63950049,,,
36.387361076999994,,,
31.765625167999996,,,
33.58989273899998,,,
28.721719072000003,,,
31.14381274900001,,,
34.04746832499999,,,
29.94762528230001,,,
26.558844550000003,,,
29.688647805000002,,,
27.186652482999996,,,
28.891018673999998,,,
29.22014398599999,,,
30.33786643300001,,,
29.549448204000008,,,
31.855274223000006,,,
29.624141418999997,,,
35.89243256497001,,,
29.89119901200001,,,
27.003801464,,,
32.234545182400005,,,
31.565676346,,,
29.193697588999996,,,
29.656436556,,,
30.613777281999997,,,
31.762713246000004,,,
31.950594051999992,,,
31.272543128800002,,,
29.182330479999997,,,
29.765373515999997,,,
35.67531332599999,,,
40.777235008,,,
30.676867693000002,,,
33.241039474000004,,,
31.779579563999995,,,
30.154709940999993,,,
30.068369867999998,,,
30.644613582399998,,,
32.178238281999995,,,
33.541811617,,,
40.972814675,,,
42.917233874000004,,,
39.058507950999996,,,
42.58599976599999,,,
34.6439398813,,,
29.077343048999996,,,
34.213169942,,,
33.133516599,,,
28.65789094300001,,,
30.355421738000004,,,
29.77161383599999,,,
29.086009524999998,,,
32.70442725,,,
30.705493164999996,,,
29.937808848999993,,,
42.94037732300001,,,
38.75569289269998,,,
36.589029192,,,
32.971572794000004,,,
30.628139340000008,,,
29.511962169500002,,,
33.798738244000006,,,
31.313814169999997,,,
27.51193582099999,,,
30.365549960799996,,,
30.721891231,,,
27.626228738700007,,,
27.329748001,,,
28.67312404599999,,,
29.6551757103,,,
31.2239830676,,,
31.118918903,,,
30.401342666999998,,,
37.57388293500001,,,
27.301922800000003,,,
30.150321723999998,,,
32.596842529999996,,,
31.108237628,,,
32.51200566900001,,,
31.012372509999988,,,
26.967715976399994,,,
29.344007144000003,,,
28.367948509399998,,,
28.998192739999993,,,
30.77049044,,,
32.1802268152,,,
33.14889825,,,
32.445741627000004,,,
34.294529090000005,,,
36.02013598,,,
33.682316655,,,
34.79041966130001,,,
35.318211098,,,
37.643822435999994,,,
35.97789980699999,,,
41.948708356,,,
39.749688565,,,
37.72213344982001,,,
34.876946536999995,,,
32.37044281400001,,,
28.237417037500006,,,
29.728772229499995,,,
31.618846670000007,,,
30.605094129299992,,,
28.397111970000005,,,
30.468648994000006,,,
33.103765793,,,
30.860663871000003,,,
30.916467814,,,
29.946024239000007,,,
27.858704501,,,
41.499010205,,,
39.94938567100001,,,
36.8609634788,,,
34.165091411599995,,,
29.727304750000002,,,
27.999377504000005,,,
32.95081191999999,,,
31.845301266999993,,,
28.144286408300005,,,
29.25380396800001,,,
28.291788768999997,,,
31.318307568999998,,,
29.487810789999994,,,
32.000774530630004,,,
29.772658169000003,,,
30.688736389000006,,,
31.144591067999993,,,
32.13589193,,,
31.888519872000003,,,
31.162630170999993,,,
29.230576535,,,
28.415019576000002,,,
30.20584703099999,,,
30.658455261999993,,,
29.03374855,,,
28.879967293000007,,,
28.22275159299999,,,
29.006343507999997,,,
27.128559963,,,
29.923488651000003,,,
33.682021289000005,,,
29.422158083059998,,,
32.58953017100001,,,
28.223860626999993,,,
30.461895092000002,,,
30.263075168200007,,,
32.88714278,,,
29.383578707999995,,,
33.16754801599999,,,
33.3709872,,,
30.38673682,,,
28.425550231,,,
28.488947734999996,,,
29.882466734,,,
31.91179083400001,,,
30.644685290000005,,,
28.444890025999996,,,
27.656535683,,,
28.82071009,,,
29.358876167,,,
30.613328738000003,,,
34.395208067000006,,,
31.355498555046008,,,
28.961620903,,,
31.792804589999996,,,
29.3775202113,,,
40.16329035599999,,,
36.97588465500001,,,
38.41554243200001,,,
32.526110589999995,,,
34.802562439999996,,,
30.11339351,,,
34.57412711774999,,,
32.57825536599999,,,
29.489455196,,,
27.8532923694,,,
29.180036452000007,,,
35.974024855,,,
30.45747579,,,
29.667299787799998,,,
31.6107286235,,,
35.980602702,,,
32.756247034000005,,,
32.456956053999996,,,
30.412030707000003,,,
31.42824611000001,,,
30.361926941999997,,,
31.716743188600006,,,
31.809227351599993,,,
32.080522192000004,,,
30.61068083899999,,,
27.651638154000004,,,
28.861487076,,,
29.177536750000005,,,
27.715338402,,,
31.187486432999986,,,
30.620643064999996,,,
30.625807639999998,,,
32.00661194999999,,,
32.24680743,,,
30.366921964499998,,,
31.404738839,,,
32.69618816500001,,,
31.303943255999997,,,
31.5571353404,,,
30.495963301599996,,,
30.604957655999996,,,
30.738855181999995,,,
30.897064715000006,,,
33.1058081045,,,
33.617752322499996,,,
31.882950425000004,,,
28.745177007,,,
27.540868955000008,,,
28.124841004000004,,,
30.65631636599999,,,
31.707771553000004,,,
30.049047437,,,
31.167781238999993,,,
29.5345553475,,,
29.545656540999996,,,
30.86805467999999,,,
42.095352357,,,
37.00563825199999,,,
37.311116891999994,,,
35.159254565,,,
34.78726020399999,,,
29.134577885,,,
33.356800853,,,
36.19904742999999,,,
33.44113959599999,,,
33.376983501999995,,,
33.336035658,,,
31.583479748699997,,,
31.576607265999996,,,
33.785028192999995,,,
35.962869677,,,
35.11974785959999,,,
35.98091331599999,,,
32.756728588,,,
28.437239638,,,
29.934040458000002,,,
28.111046487299994,,,
27.7415089035,,,
28.841615258000004,,,
27.6865330816,,,
27.497776506999998,,,
30.121145664000007,,,
28.980207097000005,,,
29.122728877000004,,,
26.61697906015,,,
30.193090652000002,,,
31.367848709999993,,,
28.38876476,,,
32.3432878747,,,
34.900642382099996,,,
30.235175734,,,
28.652526058,,,
29.564832675300003,,,
29.810704285000003,,,
29.45425284,,,
30.801061797,,,
31.237356874,,,
30.927203996,,,
28.676586781399994,,,
31.09487664659999,,,
30.585393381000003,,,
30.64481936499999,,,
30.97791038000001,,,
30.248277831000003,,,
30.563129769999996,,,
29.4364681,,,
30.2828573105,,,
27.948712830999998,,,
30.61901387,,,
29.431774694999998,,,
30.781039371225,,,
30.354972452299993,,,
40.892858275,,,
38.060811599999994,,,
37.859069424999994,,,
30.909109834999995,,,
32.75013411500001,,,
28.607126107,,,
33.125578661999995,,,
34.022443360000004,,,
37.42634984200001,,,
36.528599898,,,
33.1351384253,,,
30.354709210999996,,,
32.910889035,,,
35.80290088299999,,,
38.20208070299999,,,
28.945894168999995,,,
32.0642407586,,,
32.46458698600001,,,
32.326880415999995,,,
27.67559592700001,,,
29.177514139999996,,,
32.55455715,,,
29.139693121000008,,,
27.124166983800006,,,
29.02572223,,,
29.749693105,,,
30.354842684999998,,,
31.154520857000012,,,
28.685461177,,,
28.400928029000003,,,
31.782964204699994,,,
32.486465272,,,
30.720108765659994,,,
33.5920971984,,,
33.65576682999999,,,
28.938604023599996,,,
28.282083897999996,,,
28.496481775000003,,,
27.85668826,,,
29.001373162499995,,,
30.41198084199999,,,
29.47675810200001,,,
28.575699078000007,,,
29.523297767000006,,,
28.9346857,,,
30.054870429999994,,,
30.119443585000003,,,
30.856505522999996,,,
34.60074529928,,,
28.562075548499998,,,
27.771737244999994,,,
30.348192503,,,
28.977518379999996,,,
31.023740827999998,,,
30.091449787000002,,,
29.814971286,,,
39.917143549999984,,,
38.0450878962,,,
39.71798034999999,,,
33.343853517,,,
29.729908098000003,,,
30.731672022999994,,,
29.781902373,,,
31.726031641000002,,,
35.47601930299999,,,
32.475132001,,,
33.76765187,,,
33.29404802999999,,,
35.954138390000004,,,
31.744786822,,,
28.628279129,,,
26.449068515999993,,,
28.102857580299993,,,
29.09043779400001,,,
33.137573395,,,
27.549263226,,,
30.589901987999998,,,
33.329932976,,,
29.363240186000006,,,
28.661075522999997,,,
25.057198587800002,,,
27.729863467,,,
29.282295501000004,,,
29.572975609,,,
28.32286277,,,
28.840131151,,,
30.579105163,,,
30.316794960000003,,,
32.3154787316,,,
30.6872441026,,,
29.7336561026,,,
27.32989437800001,,,
28.080094483199993,,,
29.050801571,,,
27.516196603500003,,,
28.357447575000002,,,
29.515124982999986,,,
31.962206607,,,
31.87789289359999,,,
29.527318949000005,,,
29.084982699999994,,,
29.7287858306,,,
30.74260447700001,,,
31.389866566000006,,,
30.409095457,,,
28.585592509000012,,,
28.724341803999994,,,
31.402992768999997,,,
28.78841676700001,,,
31.544222160600004,,,
31.106910242,,,
31.784112842,,,
41.997696041999994,,,
39.106968267999996,,,
50.05633525,,,
49.936348691999996,,,
38.367170572,,,
37.20853320000001,,,
40.36182874599999,,,
35.72467381900001,,,
36.601631626999996,,,
36.12460391100001,,,
40.078144793,,,
35.903427414,,,
33.770996817,,,
37.28054638900001,,,
41.92942835399999,,,
42.027859854999996,,,
37.4831389775,,,
42.11675622299999,,,
42.80502091599999,,,
41.48320351800001,,,
40.11166433500001,,,
37.8277975782,,,
38.80229137,,,
37.616132967000006,,,
40.61882388000001,,,
41.477451807,,,
40.36340845000001,,,
38.31375850100002,,,
37.09277682999999,,,
40.048092831999995,,,
37.15706859999999,,,
44.539635381900005,,,
43.92932710099999,,,
40.10107170699999,,,
39.095897119,,,
39.57663209199998,,,
41.82605420949999,,,
38.923799721200005,,,
40.45663077500001,,,
39.85400959900001,,,
40.2815222076,,,
40.617772669999994,,,
40.82645503999999,,,
37.195163191560006,,,
38.860018833000005,,,
38.878657364000006,,,
39.166441109000004,,,
41.47886997900001,,,
38.878095282999986,,,
37.82154380200001,,,
41.704431148000005,,,
39.44588177999999,,,
37.067588089,,,
39.107446300000014,,,
40.346021441999994,,,
41.562533521999995,,,
49.773069963,,,
45.58071745600001,,,
46.13108469299999,,,
40.634362519999996,,,
37.519116102999995,,,
35.701340911,,,
37.37060279199999,,,
39.738339421,,,
36.864115520000006,,,
35.086992407,,,
35.36004772,,,
37.061619203,,,
35.73452260100001,,,
37.865140907000004,,,
39.1660675904,,,
43.333291421,,,
44.329123869,,,
38.325361447000006,,,
36.07496382399999,,,
38.58408128670003,,,
38.66992239199999,,,
39.9884369892,,,
42.182821483999994,,,
39.50070176200002,,,
40.90005213799999,,,
45.593684075999995,,,
43.463582845,,,
37.380563582399986,,,
35.839903469,,,
39.4674872327,,,
39.60615696,,,
39.776580866,,,
41.29748219300001,,,
38.154127550000005,,,
37.612533708099996,,,
39.99173944699999,,,
39.37749919,,,
38.78384490499999,,,
36.976846210000005,,,
37.79593177399999,,,
40.731531722,,,
38.679744510000006,,,
37.610387468000006,,,
36.473318315400014,,,
37.35756793999999,,,
38.203400654999996,,,
37.45479435100001,,,
38.614447033,,,
37.16660222700001,,,
37.16117090399999,,,
39.00733980768,,,
39.49127570499999,,,
37.863791533,,,
37.42317882299999,,,
38.304331466,,,
38.57924672299999,,,
43.12124220200001,,,
42.18133829900001,,,
